timestamp, index, name, driver_version, utilization.gpu [%], memory.total [MiB], memory.used [MiB], power.draw [W], temperature.gpu, clocks.current.graphics [MHz], clocks.current.sm [MHz], clocks.current.memory [MHz]
2025/10/05 04:11:39.791, 0, NVIDIA GeForce RTX 4070, 550.54.15, 0 %, 12282 MiB, 10468 MiB, 27.01 W, 43, 2490 MHz, 2490 MHz, 10251 MHz
2025/10/05 04:11:39.844, 0, NVIDIA GeForce RTX 4070, 550.54.15, 0 %, 12282 MiB, 10468 MiB, 27.01 W, 43, 2490 MHz, 2490 MHz, 10251 MHz
2025/10/05 04:11:39.895, 0, NVIDIA GeForce RTX 4070, 550.54.15, 0 %, 12282 MiB, 10468 MiB, 27.06 W, 43, 2490 MHz, 2490 MHz, 10251 MHz
2025/10/05 04:11:39.947, 0, NVIDIA GeForce RTX 4070, 550.54.15, 0 %, 12282 MiB, 10468 MiB, 27.06 W, 43, 2490 MHz, 2490 MHz, 10251 MHz
2025/10/05 04:11:40.000, 0, NVIDIA GeForce RTX 4070, 550.54.15, 0 %, 12282 MiB, 10468 MiB, 27.07 W, 43, 2490 MHz, 2490 MHz, 10251 MHz
2025/10/05 04:11:40.051, 0, NVIDIA GeForce RTX 4070, 550.54.15, 0 %, 12282 MiB, 10468 MiB, 27.07 W, 43, 2490 MHz, 2490 MHz, 10251 MHz
2025/10/05 04:11:40.103, 0, NVIDIA GeForce RTX 4070, 550.54.15, 0 %, 12282 MiB, 10468 MiB, 27.08 W, 43, 2490 MHz, 2490 MHz, 10251 MHz
2025/10/05 04:11:40.154, 0, NVIDIA GeForce RTX 4070, 550.54.15, 0 %, 12282 MiB, 10468 MiB, 27.08 W, 43, 2490 MHz, 2490 MHz, 10251 MHz
2025/10/05 04:11:40.206, 0, NVIDIA GeForce RTX 4070, 550.54.15, 0 %, 12282 MiB, 10468 MiB, 27.06 W, 43, 2490 MHz, 2490 MHz, 10251 MHz
2025/10/05 04:11:40.258, 0, NVIDIA GeForce RTX 4070, 550.54.15, 0 %, 12282 MiB, 10468 MiB, 27.06 W, 43, 2490 MHz, 2490 MHz, 10251 MHz
2025/10/05 04:11:40.310, 0, NVIDIA GeForce RTX 4070, 550.54.15, 0 %, 12282 MiB, 10468 MiB, 27.00 W, 43, 2490 MHz, 2490 MHz, 10251 MHz
2025/10/05 04:11:40.361, 0, NVIDIA GeForce RTX 4070, 550.54.15, 0 %, 12282 MiB, 10468 MiB, 27.00 W, 43, 2490 MHz, 2490 MHz, 10251 MHz
2025/10/05 04:11:40.413, 0, NVIDIA GeForce RTX 4070, 550.54.15, 0 %, 12282 MiB, 10468 MiB, 26.96 W, 43, 2490 MHz, 2490 MHz, 10251 MHz
2025/10/05 04:11:40.464, 0, NVIDIA GeForce RTX 4070, 550.54.15, 0 %, 12282 MiB, 10468 MiB, 26.96 W, 43, 2490 MHz, 2490 MHz, 10251 MHz
2025/10/05 04:11:40.517, 0, NVIDIA GeForce RTX 4070, 550.54.15, 0 %, 12282 MiB, 10468 MiB, 26.96 W, 43, 2490 MHz, 2490 MHz, 10251 MHz
2025/10/05 04:11:40.568, 0, NVIDIA GeForce RTX 4070, 550.54.15, 0 %, 12282 MiB, 10468 MiB, 26.96 W, 43, 2490 MHz, 2490 MHz, 10251 MHz
2025/10/05 04:11:40.620, 0, NVIDIA GeForce RTX 4070, 550.54.15, 0 %, 12282 MiB, 10468 MiB, 26.96 W, 43, 2490 MHz, 2490 MHz, 10251 MHz
2025/10/05 04:11:40.671, 0, NVIDIA GeForce RTX 4070, 550.54.15, 0 %, 12282 MiB, 10468 MiB, 26.96 W, 43, 2490 MHz, 2490 MHz, 10251 MHz
2025/10/05 04:11:40.723, 0, NVIDIA GeForce RTX 4070, 550.54.15, 0 %, 12282 MiB, 10468 MiB, 26.95 W, 43, 2490 MHz, 2490 MHz, 10251 MHz
2025/10/05 04:11:40.774, 0, NVIDIA GeForce RTX 4070, 550.54.15, 0 %, 12282 MiB, 10468 MiB, 26.95 W, 43, 2490 MHz, 2490 MHz, 10251 MHz
2025/10/05 04:11:40.826, 0, NVIDIA GeForce RTX 4070, 550.54.15, 0 %, 12282 MiB, 10468 MiB, 26.93 W, 43, 2490 MHz, 2490 MHz, 10251 MHz
2025/10/05 04:11:40.878, 0, NVIDIA GeForce RTX 4070, 550.54.15, 0 %, 12282 MiB, 10468 MiB, 26.93 W, 43, 2490 MHz, 2490 MHz, 10251 MHz
2025/10/05 04:11:40.930, 0, NVIDIA GeForce RTX 4070, 550.54.15, 0 %, 12282 MiB, 10468 MiB, 26.97 W, 43, 2490 MHz, 2490 MHz, 10251 MHz
2025/10/05 04:11:40.982, 0, NVIDIA GeForce RTX 4070, 550.54.15, 0 %, 12282 MiB, 10468 MiB, 26.97 W, 43, 2490 MHz, 2490 MHz, 10251 MHz
2025/10/05 04:11:41.034, 0, NVIDIA GeForce RTX 4070, 550.54.15, 0 %, 12282 MiB, 10468 MiB, 27.04 W, 43, 2490 MHz, 2490 MHz, 10251 MHz
2025/10/05 04:11:41.085, 0, NVIDIA GeForce RTX 4070, 550.54.15, 0 %, 12282 MiB, 10468 MiB, 27.08 W, 43, 2490 MHz, 2490 MHz, 10251 MHz
2025/10/05 04:11:41.138, 0, NVIDIA GeForce RTX 4070, 550.54.15, 0 %, 12282 MiB, 10468 MiB, 27.08 W, 43, 2490 MHz, 2490 MHz, 10251 MHz
2025/10/05 04:11:41.189, 0, NVIDIA GeForce RTX 4070, 550.54.15, 0 %, 12282 MiB, 10468 MiB, 27.08 W, 43, 2490 MHz, 2490 MHz, 10251 MHz
2025/10/05 04:11:41.243, 0, NVIDIA GeForce RTX 4070, 550.54.15, 0 %, 12282 MiB, 10468 MiB, 27.08 W, 43, 2490 MHz, 2490 MHz, 10251 MHz
2025/10/05 04:11:41.294, 0, NVIDIA GeForce RTX 4070, 550.54.15, 0 %, 12282 MiB, 10468 MiB, 27.08 W, 43, 2490 MHz, 2490 MHz, 10251 MHz
2025/10/05 04:11:41.346, 0, NVIDIA GeForce RTX 4070, 550.54.15, 0 %, 12282 MiB, 10468 MiB, 27.08 W, 43, 2490 MHz, 2490 MHz, 10251 MHz
2025/10/05 04:11:41.398, 0, NVIDIA GeForce RTX 4070, 550.54.15, 0 %, 12282 MiB, 10468 MiB, 27.06 W, 43, 2490 MHz, 2490 MHz, 10251 MHz
2025/10/05 04:11:41.450, 0, NVIDIA GeForce RTX 4070, 550.54.15, 0 %, 12282 MiB, 10468 MiB, 27.06 W, 43, 2490 MHz, 2490 MHz, 10251 MHz
2025/10/05 04:11:41.501, 0, NVIDIA GeForce RTX 4070, 550.54.15, 0 %, 12282 MiB, 10468 MiB, 27.05 W, 43, 2490 MHz, 2490 MHz, 10251 MHz
2025/10/05 04:11:41.553, 0, NVIDIA GeForce RTX 4070, 550.54.15, 0 %, 12282 MiB, 10468 MiB, 27.05 W, 43, 2490 MHz, 2490 MHz, 10251 MHz
2025/10/05 04:11:41.604, 0, NVIDIA GeForce RTX 4070, 550.54.15, 0 %, 12282 MiB, 10468 MiB, 27.05 W, 43, 2490 MHz, 2490 MHz, 10251 MHz
2025/10/05 04:11:41.657, 0, NVIDIA GeForce RTX 4070, 550.54.15, 0 %, 12282 MiB, 10468 MiB, 27.05 W, 43, 2490 MHz, 2490 MHz, 10251 MHz
2025/10/05 04:11:41.708, 0, NVIDIA GeForce RTX 4070, 550.54.15, 0 %, 12282 MiB, 10468 MiB, 27.06 W, 43, 2490 MHz, 2490 MHz, 10251 MHz
2025/10/05 04:11:41.760, 0, NVIDIA GeForce RTX 4070, 550.54.15, 0 %, 12282 MiB, 10468 MiB, 27.06 W, 43, 2490 MHz, 2490 MHz, 10251 MHz
2025/10/05 04:11:41.811, 0, NVIDIA GeForce RTX 4070, 550.54.15, 0 %, 12282 MiB, 10468 MiB, 27.03 W, 43, 2490 MHz, 2490 MHz, 10251 MHz
2025/10/05 04:11:41.863, 0, NVIDIA GeForce RTX 4070, 550.54.15, 0 %, 12282 MiB, 10468 MiB, 27.03 W, 43, 2490 MHz, 2490 MHz, 10251 MHz
2025/10/05 04:11:41.914, 0, NVIDIA GeForce RTX 4070, 550.54.15, 0 %, 12282 MiB, 10468 MiB, 27.01 W, 43, 2490 MHz, 2490 MHz, 10251 MHz
2025/10/05 04:11:41.966, 0, NVIDIA GeForce RTX 4070, 550.54.15, 0 %, 12282 MiB, 10468 MiB, 27.01 W, 43, 2490 MHz, 2490 MHz, 10251 MHz
2025/10/05 04:11:42.017, 0, NVIDIA GeForce RTX 4070, 550.54.15, 0 %, 12282 MiB, 10468 MiB, 27.01 W, 43, 2490 MHz, 2490 MHz, 10251 MHz
2025/10/05 04:11:42.069, 0, NVIDIA GeForce RTX 4070, 550.54.15, 0 %, 12282 MiB, 10468 MiB, 27.01 W, 43, 2490 MHz, 2490 MHz, 10251 MHz
2025/10/05 04:11:42.120, 0, NVIDIA GeForce RTX 4070, 550.54.15, 0 %, 12282 MiB, 10468 MiB, 26.82 W, 43, 2490 MHz, 2490 MHz, 10251 MHz
2025/10/05 04:11:42.172, 0, NVIDIA GeForce RTX 4070, 550.54.15, 0 %, 12282 MiB, 10468 MiB, 26.82 W, 43, 2490 MHz, 2490 MHz, 10251 MHz
2025/10/05 04:11:42.223, 0, NVIDIA GeForce RTX 4070, 550.54.15, 0 %, 12282 MiB, 10468 MiB, 26.84 W, 43, 2490 MHz, 2490 MHz, 10251 MHz
2025/10/05 04:11:42.275, 0, NVIDIA GeForce RTX 4070, 550.54.15, 0 %, 12282 MiB, 10468 MiB, 26.84 W, 43, 2490 MHz, 2490 MHz, 10251 MHz
2025/10/05 04:11:42.327, 0, NVIDIA GeForce RTX 4070, 550.54.15, 0 %, 12282 MiB, 10468 MiB, 26.85 W, 43, 2490 MHz, 2490 MHz, 10251 MHz
2025/10/05 04:11:42.379, 0, NVIDIA GeForce RTX 4070, 550.54.15, 0 %, 12282 MiB, 10468 MiB, 26.85 W, 43, 2490 MHz, 2490 MHz, 10251 MHz
2025/10/05 04:11:42.431, 0, NVIDIA GeForce RTX 4070, 550.54.15, 0 %, 12282 MiB, 10468 MiB, 26.88 W, 43, 2490 MHz, 2490 MHz, 10251 MHz
2025/10/05 04:11:42.482, 0, NVIDIA GeForce RTX 4070, 550.54.15, 0 %, 12282 MiB, 10468 MiB, 26.94 W, 43, 2490 MHz, 2490 MHz, 10251 MHz
2025/10/05 04:11:42.534, 0, NVIDIA GeForce RTX 4070, 550.54.15, 0 %, 12282 MiB, 10468 MiB, 26.94 W, 43, 2490 MHz, 2490 MHz, 10251 MHz
2025/10/05 04:11:42.585, 0, NVIDIA GeForce RTX 4070, 550.54.15, 0 %, 12282 MiB, 10468 MiB, 27.00 W, 43, 2490 MHz, 2490 MHz, 10251 MHz
2025/10/05 04:11:42.642, 0, NVIDIA GeForce RTX 4070, 550.54.15, 0 %, 12282 MiB, 10468 MiB, 27.00 W, 43, 2490 MHz, 2490 MHz, 10251 MHz
2025/10/05 04:11:42.694, 0, NVIDIA GeForce RTX 4070, 550.54.15, 0 %, 12282 MiB, 10468 MiB, 27.02 W, 43, 2490 MHz, 2490 MHz, 10251 MHz
2025/10/05 04:11:42.746, 0, NVIDIA GeForce RTX 4070, 550.54.15, 0 %, 12282 MiB, 10468 MiB, 27.02 W, 43, 2490 MHz, 2490 MHz, 10251 MHz
2025/10/05 04:11:42.798, 0, NVIDIA GeForce RTX 4070, 550.54.15, 0 %, 12282 MiB, 10468 MiB, 27.05 W, 43, 2490 MHz, 2490 MHz, 10251 MHz
2025/10/05 04:11:42.849, 0, NVIDIA GeForce RTX 4070, 550.54.15, 0 %, 12282 MiB, 10468 MiB, 27.05 W, 43, 2490 MHz, 2490 MHz, 10251 MHz
2025/10/05 04:11:42.901, 0, NVIDIA GeForce RTX 4070, 550.54.15, 0 %, 12282 MiB, 10468 MiB, 27.07 W, 43, 2490 MHz, 2490 MHz, 10251 MHz
2025/10/05 04:11:42.952, 0, NVIDIA GeForce RTX 4070, 550.54.15, 0 %, 12282 MiB, 10468 MiB, 27.07 W, 43, 2490 MHz, 2490 MHz, 10251 MHz
2025/10/05 04:11:43.004, 0, NVIDIA GeForce RTX 4070, 550.54.15, 0 %, 12282 MiB, 10468 MiB, 27.05 W, 43, 2490 MHz, 2490 MHz, 10251 MHz
2025/10/05 04:11:43.056, 0, NVIDIA GeForce RTX 4070, 550.54.15, 0 %, 12282 MiB, 10468 MiB, 27.05 W, 43, 2490 MHz, 2490 MHz, 10251 MHz
2025/10/05 04:11:43.108, 0, NVIDIA GeForce RTX 4070, 550.54.15, 0 %, 12282 MiB, 10468 MiB, 27.06 W, 43, 2490 MHz, 2490 MHz, 10251 MHz
2025/10/05 04:11:43.159, 0, NVIDIA GeForce RTX 4070, 550.54.15, 0 %, 12282 MiB, 10468 MiB, 27.06 W, 43, 2490 MHz, 2490 MHz, 10251 MHz
2025/10/05 04:11:43.211, 0, NVIDIA GeForce RTX 4070, 550.54.15, 0 %, 12282 MiB, 10468 MiB, 27.06 W, 43, 2490 MHz, 2490 MHz, 10251 MHz
2025/10/05 04:11:43.262, 0, NVIDIA GeForce RTX 4070, 550.54.15, 0 %, 12282 MiB, 10468 MiB, 27.06 W, 43, 2490 MHz, 2490 MHz, 10251 MHz
2025/10/05 04:11:43.313, 0, NVIDIA GeForce RTX 4070, 550.54.15, 0 %, 12282 MiB, 10468 MiB, 27.06 W, 43, 2490 MHz, 2490 MHz, 10251 MHz
2025/10/05 04:11:43.364, 0, NVIDIA GeForce RTX 4070, 550.54.15, 0 %, 12282 MiB, 10468 MiB, 27.06 W, 43, 2490 MHz, 2490 MHz, 10251 MHz
2025/10/05 04:11:43.416, 0, NVIDIA GeForce RTX 4070, 550.54.15, 0 %, 12282 MiB, 10468 MiB, 27.06 W, 43, 2490 MHz, 2490 MHz, 10251 MHz
2025/10/05 04:11:43.467, 0, NVIDIA GeForce RTX 4070, 550.54.15, 0 %, 12282 MiB, 10468 MiB, 27.06 W, 43, 2490 MHz, 2490 MHz, 10251 MHz
2025/10/05 04:11:43.519, 0, NVIDIA GeForce RTX 4070, 550.54.15, 0 %, 12282 MiB, 10468 MiB, 27.06 W, 43, 2490 MHz, 2490 MHz, 10251 MHz
2025/10/05 04:11:43.570, 0, NVIDIA GeForce RTX 4070, 550.54.15, 0 %, 12282 MiB, 10468 MiB, 27.06 W, 43, 2490 MHz, 2490 MHz, 10251 MHz
2025/10/05 04:11:43.621, 0, NVIDIA GeForce RTX 4070, 550.54.15, 0 %, 12282 MiB, 10468 MiB, 27.06 W, 43, 2490 MHz, 2490 MHz, 10251 MHz
2025/10/05 04:11:43.672, 0, NVIDIA GeForce RTX 4070, 550.54.15, 0 %, 12282 MiB, 10468 MiB, 27.06 W, 43, 2490 MHz, 2490 MHz, 10251 MHz
2025/10/05 04:11:43.724, 0, NVIDIA GeForce RTX 4070, 550.54.15, 0 %, 12282 MiB, 10468 MiB, 27.06 W, 43, 2490 MHz, 2490 MHz, 10251 MHz
2025/10/05 04:11:43.775, 0, NVIDIA GeForce RTX 4070, 550.54.15, 0 %, 12282 MiB, 10468 MiB, 27.06 W, 43, 2490 MHz, 2490 MHz, 10251 MHz
2025/10/05 04:11:43.826, 0, NVIDIA GeForce RTX 4070, 550.54.15, 0 %, 12282 MiB, 10468 MiB, 27.06 W, 43, 2490 MHz, 2490 MHz, 10251 MHz
2025/10/05 04:11:43.878, 0, NVIDIA GeForce RTX 4070, 550.54.15, 0 %, 12282 MiB, 10468 MiB, 27.06 W, 43, 2490 MHz, 2490 MHz, 10251 MHz
2025/10/05 04:11:43.929, 0, NVIDIA GeForce RTX 4070, 550.54.15, 0 %, 12282 MiB, 10468 MiB, 27.06 W, 43, 2490 MHz, 2490 MHz, 10251 MHz
2025/10/05 04:11:43.981, 0, NVIDIA GeForce RTX 4070, 550.54.15, 0 %, 12282 MiB, 10468 MiB, 27.06 W, 43, 2490 MHz, 2490 MHz, 10251 MHz
2025/10/05 04:11:44.032, 0, NVIDIA GeForce RTX 4070, 550.54.15, 0 %, 12282 MiB, 10468 MiB, 27.06 W, 43, 2490 MHz, 2490 MHz, 10251 MHz
2025/10/05 04:11:44.084, 0, NVIDIA GeForce RTX 4070, 550.54.15, 0 %, 12282 MiB, 10468 MiB, 26.80 W, 43, 2490 MHz, 2490 MHz, 10251 MHz
2025/10/05 04:11:44.136, 0, NVIDIA GeForce RTX 4070, 550.54.15, 0 %, 12282 MiB, 10468 MiB, 26.80 W, 43, 2490 MHz, 2490 MHz, 10251 MHz
2025/10/05 04:11:44.188, 0, NVIDIA GeForce RTX 4070, 550.54.15, 0 %, 12282 MiB, 10468 MiB, 26.80 W, 43, 2490 MHz, 2490 MHz, 10251 MHz
2025/10/05 04:11:44.239, 0, NVIDIA GeForce RTX 4070, 550.54.15, 0 %, 12282 MiB, 10468 MiB, 26.80 W, 43, 2490 MHz, 2490 MHz, 10251 MHz
2025/10/05 04:11:44.291, 0, NVIDIA GeForce RTX 4070, 550.54.15, 0 %, 12282 MiB, 10468 MiB, 26.80 W, 43, 2490 MHz, 2490 MHz, 10251 MHz
2025/10/05 04:11:44.342, 0, NVIDIA GeForce RTX 4070, 550.54.15, 0 %, 12282 MiB, 10468 MiB, 26.80 W, 43, 2490 MHz, 2490 MHz, 10251 MHz
2025/10/05 04:11:44.394, 0, NVIDIA GeForce RTX 4070, 550.54.15, 0 %, 12282 MiB, 10468 MiB, 26.80 W, 43, 2490 MHz, 2490 MHz, 10251 MHz
2025/10/05 04:11:44.445, 0, NVIDIA GeForce RTX 4070, 550.54.15, 0 %, 12282 MiB, 10468 MiB, 26.80 W, 43, 2490 MHz, 2490 MHz, 10251 MHz
2025/10/05 04:11:44.496, 0, NVIDIA GeForce RTX 4070, 550.54.15, 0 %, 12282 MiB, 10468 MiB, 26.80 W, 43, 2490 MHz, 2490 MHz, 10251 MHz
2025/10/05 04:11:44.548, 0, NVIDIA GeForce RTX 4070, 550.54.15, 0 %, 12282 MiB, 10468 MiB, 26.80 W, 43, 2490 MHz, 2490 MHz, 10251 MHz
2025/10/05 04:11:44.599, 0, NVIDIA GeForce RTX 4070, 550.54.15, 0 %, 12282 MiB, 10468 MiB, 26.80 W, 43, 2490 MHz, 2490 MHz, 10251 MHz
2025/10/05 04:11:44.651, 0, NVIDIA GeForce RTX 4070, 550.54.15, 0 %, 12282 MiB, 10468 MiB, 26.80 W, 43, 2490 MHz, 2490 MHz, 10251 MHz
2025/10/05 04:11:44.702, 0, NVIDIA GeForce RTX 4070, 550.54.15, 0 %, 12282 MiB, 10468 MiB, 26.80 W, 43, 2490 MHz, 2490 MHz, 10251 MHz
2025/10/05 04:11:44.754, 0, NVIDIA GeForce RTX 4070, 550.54.15, 0 %, 12282 MiB, 10468 MiB, 26.80 W, 43, 2490 MHz, 2490 MHz, 10251 MHz
2025/10/05 04:11:44.805, 0, NVIDIA GeForce RTX 4070, 550.54.15, 0 %, 12282 MiB, 10468 MiB, 26.80 W, 43, 2490 MHz, 2490 MHz, 10251 MHz
2025/10/05 04:11:44.857, 0, NVIDIA GeForce RTX 4070, 550.54.15, 0 %, 12282 MiB, 10468 MiB, 26.80 W, 43, 2490 MHz, 2490 MHz, 10251 MHz
2025/10/05 04:11:44.908, 0, NVIDIA GeForce RTX 4070, 550.54.15, 0 %, 12282 MiB, 10468 MiB, 26.80 W, 43, 2490 MHz, 2490 MHz, 10251 MHz
2025/10/05 04:11:44.959, 0, NVIDIA GeForce RTX 4070, 550.54.15, 0 %, 12282 MiB, 10468 MiB, 26.80 W, 43, 2490 MHz, 2490 MHz, 10251 MHz
2025/10/05 04:11:45.011, 0, NVIDIA GeForce RTX 4070, 550.54.15, 0 %, 12282 MiB, 10468 MiB, 26.80 W, 43, 2490 MHz, 2490 MHz, 10251 MHz
2025/10/05 04:11:45.063, 0, NVIDIA GeForce RTX 4070, 550.54.15, 0 %, 12282 MiB, 10468 MiB, 26.80 W, 43, 2490 MHz, 2490 MHz, 10251 MHz
2025/10/05 04:11:45.115, 0, NVIDIA GeForce RTX 4070, 550.54.15, 0 %, 12282 MiB, 10468 MiB, 26.86 W, 43, 2490 MHz, 2490 MHz, 10251 MHz
2025/10/05 04:11:45.166, 0, NVIDIA GeForce RTX 4070, 550.54.15, 0 %, 12282 MiB, 10468 MiB, 26.86 W, 43, 2490 MHz, 2490 MHz, 10251 MHz
2025/10/05 04:11:45.218, 0, NVIDIA GeForce RTX 4070, 550.54.15, 1 %, 12282 MiB, 10468 MiB, 26.98 W, 43, 2490 MHz, 2490 MHz, 10251 MHz
2025/10/05 04:11:45.270, 0, NVIDIA GeForce RTX 4070, 550.54.15, 1 %, 12282 MiB, 10468 MiB, 26.98 W, 43, 2490 MHz, 2490 MHz, 10251 MHz
2025/10/05 04:11:45.322, 0, NVIDIA GeForce RTX 4070, 550.54.15, 1 %, 12282 MiB, 10468 MiB, 26.98 W, 43, 2490 MHz, 2490 MHz, 10251 MHz
2025/10/05 04:11:45.374, 0, NVIDIA GeForce RTX 4070, 550.54.15, 1 %, 12282 MiB, 10468 MiB, 26.98 W, 43, 2490 MHz, 2490 MHz, 10251 MHz
2025/10/05 04:11:45.425, 0, NVIDIA GeForce RTX 4070, 550.54.15, 0 %, 12282 MiB, 10468 MiB, 26.98 W, 43, 2490 MHz, 2490 MHz, 10251 MHz
2025/10/05 04:11:45.478, 0, NVIDIA GeForce RTX 4070, 550.54.15, 0 %, 12282 MiB, 10468 MiB, 26.98 W, 43, 2490 MHz, 2490 MHz, 10251 MHz
2025/10/05 04:11:45.530, 0, NVIDIA GeForce RTX 4070, 550.54.15, 0 %, 12282 MiB, 10468 MiB, 26.98 W, 43, 2490 MHz, 2490 MHz, 10251 MHz
2025/10/05 04:11:45.581, 0, NVIDIA GeForce RTX 4070, 550.54.15, 0 %, 12282 MiB, 10468 MiB, 26.97 W, 43, 2490 MHz, 2490 MHz, 10251 MHz
2025/10/05 04:11:45.633, 0, NVIDIA GeForce RTX 4070, 550.54.15, 0 %, 12282 MiB, 10468 MiB, 26.97 W, 43, 2490 MHz, 2490 MHz, 10251 MHz
2025/10/05 04:11:45.685, 0, NVIDIA GeForce RTX 4070, 550.54.15, 0 %, 12282 MiB, 10468 MiB, 26.96 W, 43, 2490 MHz, 2490 MHz, 10251 MHz
2025/10/05 04:11:45.738, 0, NVIDIA GeForce RTX 4070, 550.54.15, 0 %, 12282 MiB, 10468 MiB, 26.96 W, 43, 2490 MHz, 2490 MHz, 10251 MHz
2025/10/05 04:11:45.789, 0, NVIDIA GeForce RTX 4070, 550.54.15, 0 %, 12282 MiB, 10468 MiB, 26.95 W, 43, 2490 MHz, 2490 MHz, 10251 MHz
2025/10/05 04:11:45.841, 0, NVIDIA GeForce RTX 4070, 550.54.15, 0 %, 12282 MiB, 10468 MiB, 26.95 W, 43, 2490 MHz, 2490 MHz, 10251 MHz
2025/10/05 04:11:45.893, 0, NVIDIA GeForce RTX 4070, 550.54.15, 0 %, 12282 MiB, 10468 MiB, 26.95 W, 43, 2490 MHz, 2490 MHz, 10251 MHz
2025/10/05 04:11:45.944, 0, NVIDIA GeForce RTX 4070, 550.54.15, 0 %, 12282 MiB, 10468 MiB, 26.95 W, 43, 2490 MHz, 2490 MHz, 10251 MHz
2025/10/05 04:11:45.997, 0, NVIDIA GeForce RTX 4070, 550.54.15, 0 %, 12282 MiB, 10468 MiB, 27.03 W, 43, 2490 MHz, 2490 MHz, 10251 MHz
2025/10/05 04:11:46.048, 0, NVIDIA GeForce RTX 4070, 550.54.15, 0 %, 12282 MiB, 10468 MiB, 27.03 W, 43, 2490 MHz, 2490 MHz, 10251 MHz
2025/10/05 04:11:46.100, 0, NVIDIA GeForce RTX 4070, 550.54.15, 0 %, 12282 MiB, 10468 MiB, 27.03 W, 43, 2490 MHz, 2490 MHz, 10251 MHz
2025/10/05 04:11:46.151, 0, NVIDIA GeForce RTX 4070, 550.54.15, 0 %, 12282 MiB, 10468 MiB, 27.03 W, 43, 2490 MHz, 2490 MHz, 10251 MHz
2025/10/05 04:11:46.203, 0, NVIDIA GeForce RTX 4070, 550.54.15, 0 %, 12282 MiB, 10468 MiB, 27.03 W, 43, 2490 MHz, 2490 MHz, 10251 MHz
2025/10/05 04:11:46.254, 0, NVIDIA GeForce RTX 4070, 550.54.15, 0 %, 12282 MiB, 10468 MiB, 27.03 W, 43, 2490 MHz, 2490 MHz, 10251 MHz
2025/10/05 04:11:46.306, 0, NVIDIA GeForce RTX 4070, 550.54.15, 0 %, 12282 MiB, 10468 MiB, 27.03 W, 43, 2490 MHz, 2490 MHz, 10251 MHz
2025/10/05 04:11:46.357, 0, NVIDIA GeForce RTX 4070, 550.54.15, 0 %, 12282 MiB, 10468 MiB, 27.03 W, 43, 2490 MHz, 2490 MHz, 10251 MHz
2025/10/05 04:11:46.409, 0, NVIDIA GeForce RTX 4070, 550.54.15, 0 %, 12282 MiB, 10468 MiB, 27.03 W, 43, 2490 MHz, 2490 MHz, 10251 MHz
2025/10/05 04:11:46.460, 0, NVIDIA GeForce RTX 4070, 550.54.15, 0 %, 12282 MiB, 10468 MiB, 27.03 W, 43, 2490 MHz, 2490 MHz, 10251 MHz
2025/10/05 04:11:46.512, 0, NVIDIA GeForce RTX 4070, 550.54.15, 0 %, 12282 MiB, 10468 MiB, 27.03 W, 43, 2490 MHz, 2490 MHz, 10251 MHz
2025/10/05 04:11:46.563, 0, NVIDIA GeForce RTX 4070, 550.54.15, 0 %, 12282 MiB, 10468 MiB, 27.03 W, 43, 2490 MHz, 2490 MHz, 10251 MHz
2025/10/05 04:11:46.614, 0, NVIDIA GeForce RTX 4070, 550.54.15, 0 %, 12282 MiB, 10468 MiB, 27.03 W, 43, 2490 MHz, 2490 MHz, 10251 MHz
2025/10/05 04:11:46.666, 0, NVIDIA GeForce RTX 4070, 550.54.15, 0 %, 12282 MiB, 10468 MiB, 27.03 W, 43, 2490 MHz, 2490 MHz, 10251 MHz
2025/10/05 04:11:46.718, 0, NVIDIA GeForce RTX 4070, 550.54.15, 0 %, 12282 MiB, 10468 MiB, 27.03 W, 43, 2490 MHz, 2490 MHz, 10251 MHz
2025/10/05 04:11:46.769, 0, NVIDIA GeForce RTX 4070, 550.54.15, 0 %, 12282 MiB, 10468 MiB, 27.03 W, 43, 2490 MHz, 2490 MHz, 10251 MHz
2025/10/05 04:11:46.821, 0, NVIDIA GeForce RTX 4070, 550.54.15, 0 %, 12282 MiB, 10468 MiB, 27.03 W, 43, 2490 MHz, 2490 MHz, 10251 MHz
2025/10/05 04:11:46.872, 0, NVIDIA GeForce RTX 4070, 550.54.15, 0 %, 12282 MiB, 10468 MiB, 27.03 W, 43, 2490 MHz, 2490 MHz, 10251 MHz
2025/10/05 04:11:46.924, 0, NVIDIA GeForce RTX 4070, 550.54.15, 0 %, 12282 MiB, 10468 MiB, 27.03 W, 43, 2490 MHz, 2490 MHz, 10251 MHz
2025/10/05 04:11:46.975, 0, NVIDIA GeForce RTX 4070, 550.54.15, 0 %, 12282 MiB, 10468 MiB, 27.03 W, 43, 2490 MHz, 2490 MHz, 10251 MHz
2025/10/05 04:11:47.027, 0, NVIDIA GeForce RTX 4070, 550.54.15, 0 %, 12282 MiB, 10468 MiB, 26.89 W, 43, 2490 MHz, 2490 MHz, 10251 MHz
2025/10/05 04:11:47.079, 0, NVIDIA GeForce RTX 4070, 550.54.15, 0 %, 12282 MiB, 10468 MiB, 26.89 W, 43, 2490 MHz, 2490 MHz, 10251 MHz
2025/10/05 04:11:47.131, 0, NVIDIA GeForce RTX 4070, 550.54.15, 0 %, 12282 MiB, 10468 MiB, 26.89 W, 43, 2490 MHz, 2490 MHz, 10251 MHz
2025/10/05 04:11:47.182, 0, NVIDIA GeForce RTX 4070, 550.54.15, 0 %, 12282 MiB, 10468 MiB, 26.89 W, 43, 2490 MHz, 2490 MHz, 10251 MHz
2025/10/05 04:11:47.234, 0, NVIDIA GeForce RTX 4070, 550.54.15, 0 %, 12282 MiB, 10468 MiB, 26.89 W, 43, 2490 MHz, 2490 MHz, 10251 MHz
2025/10/05 04:11:47.286, 0, NVIDIA GeForce RTX 4070, 550.54.15, 0 %, 12282 MiB, 10468 MiB, 26.89 W, 43, 2490 MHz, 2490 MHz, 10251 MHz
2025/10/05 04:11:47.337, 0, NVIDIA GeForce RTX 4070, 550.54.15, 0 %, 12282 MiB, 10468 MiB, 26.89 W, 43, 2490 MHz, 2490 MHz, 10251 MHz
2025/10/05 04:11:47.389, 0, NVIDIA GeForce RTX 4070, 550.54.15, 0 %, 12282 MiB, 10468 MiB, 26.89 W, 43, 2490 MHz, 2490 MHz, 10251 MHz
2025/10/05 04:11:47.441, 0, NVIDIA GeForce RTX 4070, 550.54.15, 0 %, 12282 MiB, 10468 MiB, 26.89 W, 43, 2490 MHz, 2490 MHz, 10251 MHz
2025/10/05 04:11:47.493, 0, NVIDIA GeForce RTX 4070, 550.54.15, 0 %, 12282 MiB, 10468 MiB, 26.89 W, 43, 2490 MHz, 2490 MHz, 10251 MHz
2025/10/05 04:11:47.544, 0, NVIDIA GeForce RTX 4070, 550.54.15, 0 %, 12282 MiB, 10468 MiB, 26.89 W, 43, 2490 MHz, 2490 MHz, 10251 MHz
2025/10/05 04:11:47.596, 0, NVIDIA GeForce RTX 4070, 550.54.15, 0 %, 12282 MiB, 10468 MiB, 26.89 W, 43, 2490 MHz, 2490 MHz, 10251 MHz
2025/10/05 04:11:47.647, 0, NVIDIA GeForce RTX 4070, 550.54.15, 0 %, 12282 MiB, 10468 MiB, 26.89 W, 43, 2490 MHz, 2490 MHz, 10251 MHz
2025/10/05 04:11:47.699, 0, NVIDIA GeForce RTX 4070, 550.54.15, 0 %, 12282 MiB, 10468 MiB, 26.89 W, 43, 2490 MHz, 2490 MHz, 10251 MHz
2025/10/05 04:11:47.750, 0, NVIDIA GeForce RTX 4070, 550.54.15, 0 %, 12282 MiB, 10468 MiB, 26.89 W, 43, 2490 MHz, 2490 MHz, 10251 MHz
2025/10/05 04:11:47.802, 0, NVIDIA GeForce RTX 4070, 550.54.15, 0 %, 12282 MiB, 10468 MiB, 26.89 W, 43, 2490 MHz, 2490 MHz, 10251 MHz
2025/10/05 04:11:47.854, 0, NVIDIA GeForce RTX 4070, 550.54.15, 0 %, 12282 MiB, 10468 MiB, 26.85 W, 43, 2490 MHz, 2490 MHz, 10251 MHz
2025/10/05 04:11:47.906, 0, NVIDIA GeForce RTX 4070, 550.54.15, 0 %, 12282 MiB, 10472 MiB, 26.90 W, 43, 2490 MHz, 2490 MHz, 10251 MHz
2025/10/05 04:11:47.958, 0, NVIDIA GeForce RTX 4070, 550.54.15, 0 %, 12282 MiB, 10480 MiB, 26.90 W, 43, 2490 MHz, 2490 MHz, 10251 MHz
2025/10/05 04:11:48.009, 0, NVIDIA GeForce RTX 4070, 550.54.15, 9 %, 12282 MiB, 10480 MiB, 27.20 W, 50, 2490 MHz, 2490 MHz, 10251 MHz
2025/10/05 04:11:48.061, 0, NVIDIA GeForce RTX 4070, 550.54.15, 9 %, 12282 MiB, 10480 MiB, 27.20 W, 50, 2490 MHz, 2490 MHz, 10251 MHz
2025/10/05 04:11:48.160, 0, NVIDIA GeForce RTX 4070, 550.54.15, 9 %, 12282 MiB, 10480 MiB, 38.40 W, 50, 2490 MHz, 2490 MHz, 10251 MHz
2025/10/05 04:11:48.212, 0, NVIDIA GeForce RTX 4070, 550.54.15, 93 %, 12282 MiB, 10480 MiB, 42.92 W, 50, 2760 MHz, 2760 MHz, 10251 MHz
2025/10/05 04:11:48.264, 0, NVIDIA GeForce RTX 4070, 550.54.15, 93 %, 12282 MiB, 10480 MiB, 42.92 W, 53, 2760 MHz, 2760 MHz, 10251 MHz
2025/10/05 04:11:48.316, 0, NVIDIA GeForce RTX 4070, 550.54.15, 93 %, 12282 MiB, 10482 MiB, 49.42 W, 56, 2760 MHz, 2760 MHz, 10251 MHz
2025/10/05 04:11:48.368, 0, NVIDIA GeForce RTX 4070, 550.54.15, 93 %, 12282 MiB, 10482 MiB, 49.42 W, 56, 2640 MHz, 2625 MHz, 10251 MHz
2025/10/05 04:11:48.445, 0, NVIDIA GeForce RTX 4070, 550.54.15, 96 %, 12282 MiB, 10482 MiB, 58.65 W, 53, 2745 MHz, 2745 MHz, 10251 MHz
2025/10/05 04:11:48.510, 0, NVIDIA GeForce RTX 4070, 550.54.15, 96 %, 12282 MiB, 10482 MiB, 63.02 W, 53, 2745 MHz, 2745 MHz, 10251 MHz
2025/10/05 04:11:48.562, 0, NVIDIA GeForce RTX 4070, 550.54.15, 96 %, 12282 MiB, 10482 MiB, 63.02 W, 54, 2745 MHz, 2745 MHz, 10251 MHz
2025/10/05 04:11:48.614, 0, NVIDIA GeForce RTX 4070, 550.54.15, 100 %, 12282 MiB, 10490 MiB, 67.35 W, 52, 2745 MHz, 2745 MHz, 10251 MHz
2025/10/05 04:11:48.666, 0, NVIDIA GeForce RTX 4070, 550.54.15, 100 %, 12282 MiB, 10490 MiB, 67.35 W, 48, 2760 MHz, 2760 MHz, 10251 MHz
2025/10/05 04:11:48.719, 0, NVIDIA GeForce RTX 4070, 550.54.15, 100 %, 12282 MiB, 10490 MiB, 68.13 W, 52, 2760 MHz, 2760 MHz, 10251 MHz
2025/10/05 04:11:48.790, 0, NVIDIA GeForce RTX 4070, 550.54.15, 64 %, 12282 MiB, 10492 MiB, 68.13 W, 52, 2760 MHz, 2760 MHz, 10251 MHz
2025/10/05 04:11:48.862, 0, NVIDIA GeForce RTX 4070, 550.54.15, 64 %, 12282 MiB, 10492 MiB, 73.91 W, 54, 2760 MHz, 2760 MHz, 10251 MHz
2025/10/05 04:11:48.915, 0, NVIDIA GeForce RTX 4070, 550.54.15, 64 %, 12282 MiB, 10492 MiB, 119.29 W, 53, 2760 MHz, 2760 MHz, 10251 MHz
2025/10/05 04:11:49.000, 0, NVIDIA GeForce RTX 4070, 550.54.15, 93 %, 12282 MiB, 10492 MiB, 126.25 W, 52, 2760 MHz, 2760 MHz, 10251 MHz
2025/10/05 04:11:49.051, 0, NVIDIA GeForce RTX 4070, 550.54.15, 93 %, 12282 MiB, 10492 MiB, 126.25 W, 53, 2760 MHz, 2760 MHz, 10251 MHz
2025/10/05 04:11:49.103, 0, NVIDIA GeForce RTX 4070, 550.54.15, 93 %, 12282 MiB, 10492 MiB, 136.49 W, 55, 2760 MHz, 2760 MHz, 10251 MHz
2025/10/05 04:11:49.155, 0, NVIDIA GeForce RTX 4070, 550.54.15, 93 %, 12282 MiB, 10492 MiB, 136.49 W, 55, 2760 MHz, 2760 MHz, 10251 MHz
2025/10/05 04:11:49.209, 0, NVIDIA GeForce RTX 4070, 550.54.15, 95 %, 12282 MiB, 10492 MiB, 138.85 W, 56, 2760 MHz, 2760 MHz, 10251 MHz
2025/10/05 04:11:49.261, 0, NVIDIA GeForce RTX 4070, 550.54.15, 95 %, 12282 MiB, 10494 MiB, 138.85 W, 56, 2760 MHz, 2760 MHz, 10251 MHz
2025/10/05 04:11:49.313, 0, NVIDIA GeForce RTX 4070, 550.54.15, 95 %, 12282 MiB, 10494 MiB, 144.25 W, 53, 2760 MHz, 2760 MHz, 10251 MHz
2025/10/05 04:11:49.364, 0, NVIDIA GeForce RTX 4070, 550.54.15, 95 %, 12282 MiB, 10494 MiB, 144.25 W, 55, 2760 MHz, 2760 MHz, 10251 MHz
2025/10/05 04:11:49.417, 0, NVIDIA GeForce RTX 4070, 550.54.15, 95 %, 12282 MiB, 10494 MiB, 147.32 W, 53, 2745 MHz, 2745 MHz, 10251 MHz
2025/10/05 04:11:49.469, 0, NVIDIA GeForce RTX 4070, 550.54.15, 95 %, 12282 MiB, 10494 MiB, 147.32 W, 52, 2760 MHz, 2760 MHz, 10251 MHz
2025/10/05 04:11:49.520, 0, NVIDIA GeForce RTX 4070, 550.54.15, 95 %, 12282 MiB, 10494 MiB, 144.29 W, 55, 2760 MHz, 2760 MHz, 10251 MHz
2025/10/05 04:11:49.572, 0, NVIDIA GeForce RTX 4070, 550.54.15, 95 %, 12282 MiB, 10494 MiB, 144.29 W, 53, 2760 MHz, 2760 MHz, 10251 MHz
2025/10/05 04:11:49.624, 0, NVIDIA GeForce RTX 4070, 550.54.15, 98 %, 12282 MiB, 10494 MiB, 147.87 W, 54, 2760 MHz, 2760 MHz, 10251 MHz
2025/10/05 04:11:49.677, 0, NVIDIA GeForce RTX 4070, 550.54.15, 98 %, 12282 MiB, 10494 MiB, 147.87 W, 55, 2760 MHz, 2760 MHz, 10251 MHz
2025/10/05 04:11:49.728, 0, NVIDIA GeForce RTX 4070, 550.54.15, 98 %, 12282 MiB, 10494 MiB, 151.33 W, 54, 2760 MHz, 2760 MHz, 10251 MHz
2025/10/05 04:11:49.781, 0, NVIDIA GeForce RTX 4070, 550.54.15, 98 %, 12282 MiB, 10494 MiB, 159.06 W, 54, 2760 MHz, 2760 MHz, 10251 MHz
2025/10/05 04:11:49.833, 0, NVIDIA GeForce RTX 4070, 550.54.15, 99 %, 12282 MiB, 10494 MiB, 159.06 W, 54, 2760 MHz, 2760 MHz, 10251 MHz
2025/10/05 04:11:49.884, 0, NVIDIA GeForce RTX 4070, 550.54.15, 99 %, 12282 MiB, 10494 MiB, 157.99 W, 53, 2760 MHz, 2760 MHz, 10251 MHz
2025/10/05 04:11:49.937, 0, NVIDIA GeForce RTX 4070, 550.54.15, 99 %, 12282 MiB, 10494 MiB, 157.99 W, 53, 2760 MHz, 2760 MHz, 10251 MHz
2025/10/05 04:11:49.989, 0, NVIDIA GeForce RTX 4070, 550.54.15, 95 %, 12282 MiB, 10494 MiB, 156.09 W, 52, 2760 MHz, 2760 MHz, 10251 MHz
2025/10/05 04:11:50.041, 0, NVIDIA GeForce RTX 4070, 550.54.15, 95 %, 12282 MiB, 10494 MiB, 156.09 W, 55, 2760 MHz, 2760 MHz, 10251 MHz
2025/10/05 04:11:50.093, 0, NVIDIA GeForce RTX 4070, 550.54.15, 95 %, 12282 MiB, 10494 MiB, 156.59 W, 56, 2760 MHz, 2760 MHz, 10251 MHz
2025/10/05 04:11:50.144, 0, NVIDIA GeForce RTX 4070, 550.54.15, 95 %, 12282 MiB, 10494 MiB, 156.59 W, 55, 2760 MHz, 2760 MHz, 10251 MHz
2025/10/05 04:11:50.197, 0, NVIDIA GeForce RTX 4070, 550.54.15, 90 %, 12282 MiB, 10494 MiB, 157.35 W, 57, 2760 MHz, 2760 MHz, 10251 MHz
2025/10/05 04:11:50.248, 0, NVIDIA GeForce RTX 4070, 550.54.15, 90 %, 12282 MiB, 10494 MiB, 157.35 W, 55, 2760 MHz, 2760 MHz, 10251 MHz
2025/10/05 04:11:50.300, 0, NVIDIA GeForce RTX 4070, 550.54.15, 90 %, 12282 MiB, 10494 MiB, 158.27 W, 55, 2760 MHz, 2760 MHz, 10251 MHz
2025/10/05 04:11:50.352, 0, NVIDIA GeForce RTX 4070, 550.54.15, 90 %, 12282 MiB, 10494 MiB, 158.27 W, 55, 2760 MHz, 2760 MHz, 10251 MHz
2025/10/05 04:11:50.404, 0, NVIDIA GeForce RTX 4070, 550.54.15, 96 %, 12282 MiB, 10494 MiB, 157.94 W, 56, 2760 MHz, 2760 MHz, 10251 MHz
2025/10/05 04:11:50.456, 0, NVIDIA GeForce RTX 4070, 550.54.15, 96 %, 12282 MiB, 10494 MiB, 157.94 W, 54, 2760 MHz, 2760 MHz, 10251 MHz
2025/10/05 04:11:50.508, 0, NVIDIA GeForce RTX 4070, 550.54.15, 96 %, 12282 MiB, 10494 MiB, 157.56 W, 55, 2760 MHz, 2760 MHz, 10251 MHz
2025/10/05 04:11:50.560, 0, NVIDIA GeForce RTX 4070, 550.54.15, 96 %, 12282 MiB, 10494 MiB, 157.56 W, 55, 2760 MHz, 2760 MHz, 10251 MHz
2025/10/05 04:11:50.611, 0, NVIDIA GeForce RTX 4070, 550.54.15, 97 %, 12282 MiB, 10494 MiB, 159.35 W, 56, 2760 MHz, 2760 MHz, 10251 MHz
2025/10/05 04:11:50.663, 0, NVIDIA GeForce RTX 4070, 550.54.15, 97 %, 12282 MiB, 10494 MiB, 159.35 W, 55, 2760 MHz, 2760 MHz, 10251 MHz
2025/10/05 04:11:50.716, 0, NVIDIA GeForce RTX 4070, 550.54.15, 97 %, 12282 MiB, 10494 MiB, 159.74 W, 56, 2760 MHz, 2760 MHz, 10251 MHz
2025/10/05 04:11:50.768, 0, NVIDIA GeForce RTX 4070, 550.54.15, 97 %, 12282 MiB, 10494 MiB, 159.74 W, 54, 2760 MHz, 2760 MHz, 10251 MHz
2025/10/05 04:11:50.819, 0, NVIDIA GeForce RTX 4070, 550.54.15, 94 %, 12282 MiB, 10494 MiB, 158.23 W, 54, 2760 MHz, 2760 MHz, 10251 MHz
2025/10/05 04:11:50.871, 0, NVIDIA GeForce RTX 4070, 550.54.15, 94 %, 12282 MiB, 10494 MiB, 158.23 W, 54, 2760 MHz, 2760 MHz, 10251 MHz
2025/10/05 04:11:50.923, 0, NVIDIA GeForce RTX 4070, 550.54.15, 94 %, 12282 MiB, 10494 MiB, 155.80 W, 56, 2760 MHz, 2760 MHz, 10251 MHz
2025/10/05 04:11:50.975, 0, NVIDIA GeForce RTX 4070, 550.54.15, 94 %, 12282 MiB, 10494 MiB, 155.80 W, 56, 2760 MHz, 2760 MHz, 10251 MHz
2025/10/05 04:11:51.027, 0, NVIDIA GeForce RTX 4070, 550.54.15, 93 %, 12282 MiB, 10494 MiB, 155.77 W, 55, 2760 MHz, 2760 MHz, 10251 MHz
2025/10/05 04:11:51.079, 0, NVIDIA GeForce RTX 4070, 550.54.15, 93 %, 12282 MiB, 10494 MiB, 155.77 W, 56, 2760 MHz, 2760 MHz, 10251 MHz
2025/10/05 04:11:51.131, 0, NVIDIA GeForce RTX 4070, 550.54.15, 93 %, 12282 MiB, 10494 MiB, 155.81 W, 54, 2760 MHz, 2760 MHz, 10251 MHz
2025/10/05 04:11:51.183, 0, NVIDIA GeForce RTX 4070, 550.54.15, 89 %, 12282 MiB, 10494 MiB, 156.53 W, 56, 2760 MHz, 2760 MHz, 10251 MHz
2025/10/05 04:11:51.239, 0, NVIDIA GeForce RTX 4070, 550.54.15, 89 %, 12282 MiB, 10494 MiB, 156.53 W, 56, 2760 MHz, 2760 MHz, 10251 MHz
2025/10/05 04:11:51.291, 0, NVIDIA GeForce RTX 4070, 550.54.15, 89 %, 12282 MiB, 10494 MiB, 153.71 W, 50, 2760 MHz, 2760 MHz, 10251 MHz
2025/10/05 04:11:51.372, 0, NVIDIA GeForce RTX 4070, 550.54.15, 89 %, 12282 MiB, 10494 MiB, 153.71 W, 49, 2760 MHz, 2760 MHz, 10251 MHz
2025/10/05 04:11:51.424, 0, NVIDIA GeForce RTX 4070, 550.54.15, 32 %, 12282 MiB, 10494 MiB, 141.51 W, 48, 2760 MHz, 2760 MHz, 10251 MHz
2025/10/05 04:11:51.478, 0, NVIDIA GeForce RTX 4070, 550.54.15, 32 %, 12282 MiB, 10494 MiB, 141.51 W, 48, 2760 MHz, 2760 MHz, 10251 MHz
2025/10/05 04:11:51.530, 0, NVIDIA GeForce RTX 4070, 550.54.15, 32 %, 12282 MiB, 10494 MiB, 130.29 W, 47, 2760 MHz, 2760 MHz, 10251 MHz
2025/10/05 04:11:51.582, 0, NVIDIA GeForce RTX 4070, 550.54.15, 0 %, 12282 MiB, 10494 MiB, 119.19 W, 47, 2760 MHz, 2760 MHz, 10251 MHz
2025/10/05 04:11:51.638, 0, NVIDIA GeForce RTX 4070, 550.54.15, 0 %, 12282 MiB, 10494 MiB, 119.19 W, 47, 2760 MHz, 2760 MHz, 10251 MHz
2025/10/05 04:11:51.690, 0, NVIDIA GeForce RTX 4070, 550.54.15, 0 %, 12282 MiB, 10494 MiB, 107.39 W, 47, 2760 MHz, 2760 MHz, 10251 MHz
2025/10/05 04:11:51.742, 0, NVIDIA GeForce RTX 4070, 550.54.15, 0 %, 12282 MiB, 10494 MiB, 107.39 W, 47, 2760 MHz, 2760 MHz, 10251 MHz
2025/10/05 04:11:51.794, 0, NVIDIA GeForce RTX 4070, 550.54.15, 0 %, 12282 MiB, 10494 MiB, 95.23 W, 47, 2760 MHz, 2760 MHz, 10251 MHz
2025/10/05 04:11:51.846, 0, NVIDIA GeForce RTX 4070, 550.54.15, 0 %, 12282 MiB, 10494 MiB, 95.23 W, 46, 2760 MHz, 2760 MHz, 10251 MHz
2025/10/05 04:11:51.898, 0, NVIDIA GeForce RTX 4070, 550.54.15, 0 %, 12282 MiB, 10494 MiB, 84.36 W, 46, 2760 MHz, 2760 MHz, 10251 MHz
2025/10/05 04:11:51.950, 0, NVIDIA GeForce RTX 4070, 550.54.15, 0 %, 12282 MiB, 10494 MiB, 84.36 W, 46, 2760 MHz, 2760 MHz, 10251 MHz
2025/10/05 04:11:52.001, 0, NVIDIA GeForce RTX 4070, 550.54.15, 0 %, 12282 MiB, 10494 MiB, 74.88 W, 46, 2760 MHz, 2760 MHz, 10251 MHz
2025/10/05 04:11:52.054, 0, NVIDIA GeForce RTX 4070, 550.54.15, 0 %, 12282 MiB, 10494 MiB, 74.88 W, 46, 2760 MHz, 2760 MHz, 10251 MHz
2025/10/05 04:11:52.106, 0, NVIDIA GeForce RTX 4070, 550.54.15, 0 %, 12282 MiB, 10494 MiB, 64.35 W, 46, 2760 MHz, 2760 MHz, 10251 MHz
2025/10/05 04:11:52.158, 0, NVIDIA GeForce RTX 4070, 550.54.15, 0 %, 12282 MiB, 10494 MiB, 64.35 W, 46, 2760 MHz, 2760 MHz, 10251 MHz
2025/10/05 04:11:52.210, 0, NVIDIA GeForce RTX 4070, 550.54.15, 0 %, 12282 MiB, 10494 MiB, 53.72 W, 46, 2760 MHz, 2760 MHz, 10251 MHz
2025/10/05 04:11:52.261, 0, NVIDIA GeForce RTX 4070, 550.54.15, 0 %, 12282 MiB, 10494 MiB, 53.72 W, 46, 2760 MHz, 2760 MHz, 10251 MHz
2025/10/05 04:11:52.313, 0, NVIDIA GeForce RTX 4070, 550.54.15, 0 %, 12282 MiB, 10494 MiB, 53.72 W, 46, 2760 MHz, 2760 MHz, 10251 MHz
2025/10/05 04:11:52.365, 0, NVIDIA GeForce RTX 4070, 550.54.15, 0 %, 12282 MiB, 10494 MiB, 53.72 W, 46, 2760 MHz, 2760 MHz, 10251 MHz
2025/10/05 04:11:52.416, 0, NVIDIA GeForce RTX 4070, 550.54.15, 0 %, 12282 MiB, 10494 MiB, 53.72 W, 46, 2760 MHz, 2760 MHz, 10251 MHz
2025/10/05 04:11:52.468, 0, NVIDIA GeForce RTX 4070, 550.54.15, 0 %, 12282 MiB, 10494 MiB, 53.72 W, 46, 2760 MHz, 2760 MHz, 10251 MHz
2025/10/05 04:11:52.519, 0, NVIDIA GeForce RTX 4070, 550.54.15, 0 %, 12282 MiB, 10494 MiB, 53.72 W, 46, 2760 MHz, 2760 MHz, 10251 MHz
2025/10/05 04:11:52.571, 0, NVIDIA GeForce RTX 4070, 550.54.15, 0 %, 12282 MiB, 10494 MiB, 53.72 W, 46, 2760 MHz, 2760 MHz, 10251 MHz
2025/10/05 04:11:52.623, 0, NVIDIA GeForce RTX 4070, 550.54.15, 0 %, 12282 MiB, 10494 MiB, 53.72 W, 46, 2760 MHz, 2760 MHz, 10251 MHz
2025/10/05 04:11:52.674, 0, NVIDIA GeForce RTX 4070, 550.54.15, 0 %, 12282 MiB, 10494 MiB, 53.72 W, 46, 2760 MHz, 2760 MHz, 10251 MHz
2025/10/05 04:11:52.726, 0, NVIDIA GeForce RTX 4070, 550.54.15, 0 %, 12282 MiB, 10494 MiB, 53.72 W, 46, 2760 MHz, 2760 MHz, 10251 MHz
2025/10/05 04:11:52.777, 0, NVIDIA GeForce RTX 4070, 550.54.15, 0 %, 12282 MiB, 10494 MiB, 53.72 W, 46, 2760 MHz, 2760 MHz, 10251 MHz
2025/10/05 04:11:52.829, 0, NVIDIA GeForce RTX 4070, 550.54.15, 0 %, 12282 MiB, 10494 MiB, 53.72 W, 46, 2760 MHz, 2760 MHz, 10251 MHz
2025/10/05 04:11:52.881, 0, NVIDIA GeForce RTX 4070, 550.54.15, 0 %, 12282 MiB, 10494 MiB, 53.72 W, 46, 2760 MHz, 2760 MHz, 10251 MHz
2025/10/05 04:11:52.932, 0, NVIDIA GeForce RTX 4070, 550.54.15, 0 %, 12282 MiB, 10494 MiB, 53.72 W, 46, 2760 MHz, 2760 MHz, 10251 MHz
2025/10/05 04:11:52.984, 0, NVIDIA GeForce RTX 4070, 550.54.15, 0 %, 12282 MiB, 10494 MiB, 53.72 W, 46, 2490 MHz, 2490 MHz, 10251 MHz
2025/10/05 04:11:53.036, 0, NVIDIA GeForce RTX 4070, 550.54.15, 0 %, 12282 MiB, 10494 MiB, 53.72 W, 46, 2490 MHz, 2490 MHz, 10251 MHz
2025/10/05 04:11:53.088, 0, NVIDIA GeForce RTX 4070, 550.54.15, 0 %, 12282 MiB, 10494 MiB, 53.72 W, 45, 2490 MHz, 2490 MHz, 10251 MHz
2025/10/05 04:11:53.140, 0, NVIDIA GeForce RTX 4070, 550.54.15, 0 %, 12282 MiB, 10494 MiB, 53.72 W, 45, 2490 MHz, 2490 MHz, 10251 MHz
2025/10/05 04:11:53.191, 0, NVIDIA GeForce RTX 4070, 550.54.15, 0 %, 12282 MiB, 10494 MiB, 32.88 W, 45, 2490 MHz, 2490 MHz, 10251 MHz
2025/10/05 04:11:53.243, 0, NVIDIA GeForce RTX 4070, 550.54.15, 0 %, 12282 MiB, 10494 MiB, 32.88 W, 45, 2490 MHz, 2490 MHz, 10251 MHz
2025/10/05 04:11:53.295, 0, NVIDIA GeForce RTX 4070, 550.54.15, 0 %, 12282 MiB, 10494 MiB, 32.88 W, 45, 2490 MHz, 2490 MHz, 10251 MHz
2025/10/05 04:11:53.347, 0, NVIDIA GeForce RTX 4070, 550.54.15, 0 %, 12282 MiB, 10494 MiB, 32.88 W, 45, 2490 MHz, 2490 MHz, 10251 MHz
2025/10/05 04:11:53.399, 0, NVIDIA GeForce RTX 4070, 550.54.15, 0 %, 12282 MiB, 10494 MiB, 32.88 W, 45, 2490 MHz, 2490 MHz, 10251 MHz
2025/10/05 04:11:53.451, 0, NVIDIA GeForce RTX 4070, 550.54.15, 0 %, 12282 MiB, 10494 MiB, 32.88 W, 45, 2490 MHz, 2490 MHz, 10251 MHz
2025/10/05 04:11:53.502, 0, NVIDIA GeForce RTX 4070, 550.54.15, 0 %, 12282 MiB, 10494 MiB, 32.88 W, 45, 2490 MHz, 2490 MHz, 10251 MHz
2025/10/05 04:11:53.554, 0, NVIDIA GeForce RTX 4070, 550.54.15, 0 %, 12282 MiB, 10494 MiB, 32.88 W, 45, 2490 MHz, 2490 MHz, 10251 MHz
2025/10/05 04:11:53.605, 0, NVIDIA GeForce RTX 4070, 550.54.15, 0 %, 12282 MiB, 10494 MiB, 32.88 W, 45, 2490 MHz, 2490 MHz, 10251 MHz
2025/10/05 04:11:53.657, 0, NVIDIA GeForce RTX 4070, 550.54.15, 0 %, 12282 MiB, 10494 MiB, 32.88 W, 45, 2490 MHz, 2490 MHz, 10251 MHz
2025/10/05 04:11:53.709, 0, NVIDIA GeForce RTX 4070, 550.54.15, 0 %, 12282 MiB, 10494 MiB, 32.88 W, 45, 2490 MHz, 2490 MHz, 10251 MHz
2025/10/05 04:11:53.760, 0, NVIDIA GeForce RTX 4070, 550.54.15, 0 %, 12282 MiB, 10494 MiB, 32.88 W, 45, 2490 MHz, 2490 MHz, 10251 MHz
2025/10/05 04:11:53.812, 0, NVIDIA GeForce RTX 4070, 550.54.15, 0 %, 12282 MiB, 10494 MiB, 32.88 W, 45, 2490 MHz, 2490 MHz, 10251 MHz
2025/10/05 04:11:53.863, 0, NVIDIA GeForce RTX 4070, 550.54.15, 0 %, 12282 MiB, 10494 MiB, 32.88 W, 45, 2490 MHz, 2490 MHz, 10251 MHz
2025/10/05 04:11:53.915, 0, NVIDIA GeForce RTX 4070, 550.54.15, 0 %, 12282 MiB, 10494 MiB, 32.88 W, 45, 2490 MHz, 2490 MHz, 10251 MHz
2025/10/05 04:11:53.967, 0, NVIDIA GeForce RTX 4070, 550.54.15, 0 %, 12282 MiB, 10494 MiB, 32.88 W, 45, 2490 MHz, 2490 MHz, 10251 MHz
2025/10/05 04:11:54.018, 0, NVIDIA GeForce RTX 4070, 550.54.15, 0 %, 12282 MiB, 10494 MiB, 32.88 W, 45, 2490 MHz, 2490 MHz, 10251 MHz
2025/10/05 04:11:54.070, 0, NVIDIA GeForce RTX 4070, 550.54.15, 0 %, 12282 MiB, 10494 MiB, 32.88 W, 45, 2490 MHz, 2490 MHz, 10251 MHz
2025/10/05 04:11:54.121, 0, NVIDIA GeForce RTX 4070, 550.54.15, 0 %, 12282 MiB, 10494 MiB, 32.88 W, 45, 2490 MHz, 2490 MHz, 10251 MHz
2025/10/05 04:11:54.173, 0, NVIDIA GeForce RTX 4070, 550.54.15, 0 %, 12282 MiB, 10494 MiB, 32.88 W, 45, 2490 MHz, 2490 MHz, 10251 MHz
2025/10/05 04:11:54.225, 0, NVIDIA GeForce RTX 4070, 550.54.15, 0 %, 12282 MiB, 10494 MiB, 29.92 W, 45, 2490 MHz, 2490 MHz, 10251 MHz
2025/10/05 04:11:54.276, 0, NVIDIA GeForce RTX 4070, 550.54.15, 0 %, 12282 MiB, 10494 MiB, 29.92 W, 45, 2490 MHz, 2490 MHz, 10251 MHz
2025/10/05 04:11:54.329, 0, NVIDIA GeForce RTX 4070, 550.54.15, 0 %, 12282 MiB, 10494 MiB, 29.92 W, 45, 2490 MHz, 2490 MHz, 10251 MHz
2025/10/05 04:11:54.380, 0, NVIDIA GeForce RTX 4070, 550.54.15, 0 %, 12282 MiB, 10494 MiB, 29.92 W, 45, 2490 MHz, 2490 MHz, 10251 MHz
2025/10/05 04:11:54.434, 0, NVIDIA GeForce RTX 4070, 550.54.15, 0 %, 12282 MiB, 10494 MiB, 29.92 W, 45, 2490 MHz, 2490 MHz, 10251 MHz
2025/10/05 04:11:54.486, 0, NVIDIA GeForce RTX 4070, 550.54.15, 0 %, 12282 MiB, 10494 MiB, 29.92 W, 45, 2490 MHz, 2490 MHz, 10251 MHz
2025/10/05 04:11:54.537, 0, NVIDIA GeForce RTX 4070, 550.54.15, 0 %, 12282 MiB, 10494 MiB, 29.92 W, 45, 2490 MHz, 2490 MHz, 10251 MHz
2025/10/05 04:11:54.589, 0, NVIDIA GeForce RTX 4070, 550.54.15, 0 %, 12282 MiB, 10494 MiB, 29.92 W, 45, 2490 MHz, 2490 MHz, 10251 MHz
2025/10/05 04:11:54.641, 0, NVIDIA GeForce RTX 4070, 550.54.15, 0 %, 12282 MiB, 10494 MiB, 29.92 W, 45, 2490 MHz, 2490 MHz, 10251 MHz
2025/10/05 04:11:54.692, 0, NVIDIA GeForce RTX 4070, 550.54.15, 0 %, 12282 MiB, 10494 MiB, 29.92 W, 45, 2490 MHz, 2490 MHz, 10251 MHz
2025/10/05 04:11:54.744, 0, NVIDIA GeForce RTX 4070, 550.54.15, 0 %, 12282 MiB, 10494 MiB, 29.92 W, 45, 2490 MHz, 2490 MHz, 10251 MHz
2025/10/05 04:11:54.795, 0, NVIDIA GeForce RTX 4070, 550.54.15, 0 %, 12282 MiB, 10494 MiB, 29.92 W, 45, 2490 MHz, 2490 MHz, 10251 MHz
2025/10/05 04:11:54.847, 0, NVIDIA GeForce RTX 4070, 550.54.15, 0 %, 12282 MiB, 10494 MiB, 29.92 W, 45, 2490 MHz, 2490 MHz, 10251 MHz
2025/10/05 04:11:54.898, 0, NVIDIA GeForce RTX 4070, 550.54.15, 0 %, 12282 MiB, 10494 MiB, 29.92 W, 45, 2490 MHz, 2490 MHz, 10251 MHz
2025/10/05 04:11:54.950, 0, NVIDIA GeForce RTX 4070, 550.54.15, 0 %, 12282 MiB, 10494 MiB, 29.92 W, 45, 2490 MHz, 2490 MHz, 10251 MHz
2025/10/05 04:11:55.002, 0, NVIDIA GeForce RTX 4070, 550.54.15, 0 %, 12282 MiB, 10494 MiB, 29.92 W, 45, 2490 MHz, 2490 MHz, 10251 MHz
2025/10/05 04:11:55.053, 0, NVIDIA GeForce RTX 4070, 550.54.15, 0 %, 12282 MiB, 10494 MiB, 29.92 W, 45, 2490 MHz, 2490 MHz, 10251 MHz
2025/10/05 04:11:55.105, 0, NVIDIA GeForce RTX 4070, 550.54.15, 0 %, 12282 MiB, 10494 MiB, 29.92 W, 45, 2490 MHz, 2490 MHz, 10251 MHz
2025/10/05 04:11:55.156, 0, NVIDIA GeForce RTX 4070, 550.54.15, 0 %, 12282 MiB, 10494 MiB, 29.92 W, 45, 2490 MHz, 2490 MHz, 10251 MHz
2025/10/05 04:11:55.208, 0, NVIDIA GeForce RTX 4070, 550.54.15, 0 %, 12282 MiB, 10494 MiB, 27.08 W, 45, 2490 MHz, 2490 MHz, 10251 MHz
2025/10/05 04:11:55.260, 0, NVIDIA GeForce RTX 4070, 550.54.15, 0 %, 12282 MiB, 10494 MiB, 27.08 W, 45, 2490 MHz, 2490 MHz, 10251 MHz
2025/10/05 04:11:55.312, 0, NVIDIA GeForce RTX 4070, 550.54.15, 0 %, 12282 MiB, 10494 MiB, 27.08 W, 45, 2490 MHz, 2490 MHz, 10251 MHz
2025/10/05 04:11:55.363, 0, NVIDIA GeForce RTX 4070, 550.54.15, 0 %, 12282 MiB, 10494 MiB, 27.08 W, 45, 2490 MHz, 2490 MHz, 10251 MHz
2025/10/05 04:11:55.415, 0, NVIDIA GeForce RTX 4070, 550.54.15, 0 %, 12282 MiB, 10494 MiB, 27.08 W, 45, 2490 MHz, 2490 MHz, 10251 MHz
2025/10/05 04:11:55.466, 0, NVIDIA GeForce RTX 4070, 550.54.15, 0 %, 12282 MiB, 10494 MiB, 27.08 W, 45, 2490 MHz, 2490 MHz, 10251 MHz
2025/10/05 04:11:55.518, 0, NVIDIA GeForce RTX 4070, 550.54.15, 0 %, 12282 MiB, 10494 MiB, 27.08 W, 45, 2490 MHz, 2490 MHz, 10251 MHz
2025/10/05 04:11:55.569, 0, NVIDIA GeForce RTX 4070, 550.54.15, 0 %, 12282 MiB, 10494 MiB, 27.08 W, 45, 2490 MHz, 2490 MHz, 10251 MHz
2025/10/05 04:11:55.621, 0, NVIDIA GeForce RTX 4070, 550.54.15, 0 %, 12282 MiB, 10494 MiB, 27.08 W, 45, 2490 MHz, 2490 MHz, 10251 MHz
2025/10/05 04:11:55.673, 0, NVIDIA GeForce RTX 4070, 550.54.15, 0 %, 12282 MiB, 10494 MiB, 27.08 W, 45, 2490 MHz, 2490 MHz, 10251 MHz
2025/10/05 04:11:55.724, 0, NVIDIA GeForce RTX 4070, 550.54.15, 0 %, 12282 MiB, 10494 MiB, 27.08 W, 45, 2490 MHz, 2490 MHz, 10251 MHz
2025/10/05 04:11:55.776, 0, NVIDIA GeForce RTX 4070, 550.54.15, 0 %, 12282 MiB, 10494 MiB, 27.08 W, 45, 2490 MHz, 2490 MHz, 10251 MHz
2025/10/05 04:11:55.827, 0, NVIDIA GeForce RTX 4070, 550.54.15, 0 %, 12282 MiB, 10494 MiB, 27.08 W, 45, 2490 MHz, 2490 MHz, 10251 MHz
2025/10/05 04:11:55.879, 0, NVIDIA GeForce RTX 4070, 550.54.15, 0 %, 12282 MiB, 10494 MiB, 27.08 W, 45, 2490 MHz, 2490 MHz, 10251 MHz
2025/10/05 04:11:55.930, 0, NVIDIA GeForce RTX 4070, 550.54.15, 0 %, 12282 MiB, 10494 MiB, 27.08 W, 45, 2490 MHz, 2490 MHz, 10251 MHz
2025/10/05 04:11:55.982, 0, NVIDIA GeForce RTX 4070, 550.54.15, 0 %, 12282 MiB, 10494 MiB, 27.08 W, 45, 2490 MHz, 2490 MHz, 10251 MHz
2025/10/05 04:11:56.034, 0, NVIDIA GeForce RTX 4070, 550.54.15, 0 %, 12282 MiB, 10494 MiB, 27.08 W, 45, 2490 MHz, 2490 MHz, 10251 MHz
2025/10/05 04:11:56.086, 0, NVIDIA GeForce RTX 4070, 550.54.15, 0 %, 12282 MiB, 10494 MiB, 27.08 W, 45, 2490 MHz, 2490 MHz, 10251 MHz
2025/10/05 04:11:56.137, 0, NVIDIA GeForce RTX 4070, 550.54.15, 0 %, 12282 MiB, 10494 MiB, 27.08 W, 45, 2490 MHz, 2490 MHz, 10251 MHz
2025/10/05 04:11:56.189, 0, NVIDIA GeForce RTX 4070, 550.54.15, 0 %, 12282 MiB, 10494 MiB, 26.95 W, 45, 2490 MHz, 2490 MHz, 10251 MHz
2025/10/05 04:11:56.240, 0, NVIDIA GeForce RTX 4070, 550.54.15, 0 %, 12282 MiB, 10494 MiB, 26.95 W, 45, 2490 MHz, 2490 MHz, 10251 MHz
2025/10/05 04:11:56.293, 0, NVIDIA GeForce RTX 4070, 550.54.15, 0 %, 12282 MiB, 10494 MiB, 26.95 W, 45, 2490 MHz, 2490 MHz, 10251 MHz
2025/10/05 04:11:56.345, 0, NVIDIA GeForce RTX 4070, 550.54.15, 0 %, 12282 MiB, 10494 MiB, 26.95 W, 45, 2490 MHz, 2490 MHz, 10251 MHz
2025/10/05 04:11:56.396, 0, NVIDIA GeForce RTX 4070, 550.54.15, 0 %, 12282 MiB, 10494 MiB, 26.95 W, 45, 2490 MHz, 2490 MHz, 10251 MHz
2025/10/05 04:11:56.448, 0, NVIDIA GeForce RTX 4070, 550.54.15, 0 %, 12282 MiB, 10494 MiB, 26.95 W, 45, 2490 MHz, 2490 MHz, 10251 MHz
2025/10/05 04:11:56.500, 0, NVIDIA GeForce RTX 4070, 550.54.15, 0 %, 12282 MiB, 10494 MiB, 26.95 W, 45, 2490 MHz, 2490 MHz, 10251 MHz
2025/10/05 04:11:56.551, 0, NVIDIA GeForce RTX 4070, 550.54.15, 0 %, 12282 MiB, 10494 MiB, 26.95 W, 45, 2490 MHz, 2490 MHz, 10251 MHz
2025/10/05 04:11:56.603, 0, NVIDIA GeForce RTX 4070, 550.54.15, 0 %, 12282 MiB, 10494 MiB, 26.95 W, 45, 2490 MHz, 2490 MHz, 10251 MHz
2025/10/05 04:11:56.654, 0, NVIDIA GeForce RTX 4070, 550.54.15, 0 %, 12282 MiB, 10494 MiB, 26.95 W, 45, 2490 MHz, 2490 MHz, 10251 MHz
2025/10/05 04:11:56.706, 0, NVIDIA GeForce RTX 4070, 550.54.15, 0 %, 12282 MiB, 10494 MiB, 26.95 W, 45, 2490 MHz, 2490 MHz, 10251 MHz
2025/10/05 04:11:56.757, 0, NVIDIA GeForce RTX 4070, 550.54.15, 0 %, 12282 MiB, 10494 MiB, 26.95 W, 45, 2490 MHz, 2490 MHz, 10251 MHz
2025/10/05 04:11:56.809, 0, NVIDIA GeForce RTX 4070, 550.54.15, 0 %, 12282 MiB, 10494 MiB, 26.95 W, 45, 2490 MHz, 2490 MHz, 10251 MHz
2025/10/05 04:11:56.861, 0, NVIDIA GeForce RTX 4070, 550.54.15, 0 %, 12282 MiB, 10494 MiB, 26.95 W, 45, 2490 MHz, 2490 MHz, 10251 MHz
2025/10/05 04:11:56.912, 0, NVIDIA GeForce RTX 4070, 550.54.15, 0 %, 12282 MiB, 10494 MiB, 26.95 W, 45, 2490 MHz, 2490 MHz, 10251 MHz
2025/10/05 04:11:56.964, 0, NVIDIA GeForce RTX 4070, 550.54.15, 0 %, 12282 MiB, 10494 MiB, 26.95 W, 45, 2490 MHz, 2490 MHz, 10251 MHz
2025/10/05 04:11:57.015, 0, NVIDIA GeForce RTX 4070, 550.54.15, 0 %, 12282 MiB, 10494 MiB, 26.95 W, 45, 2490 MHz, 2490 MHz, 10251 MHz
2025/10/05 04:11:57.067, 0, NVIDIA GeForce RTX 4070, 550.54.15, 0 %, 12282 MiB, 10494 MiB, 26.95 W, 45, 2490 MHz, 2490 MHz, 10251 MHz
2025/10/05 04:11:57.119, 0, NVIDIA GeForce RTX 4070, 550.54.15, 0 %, 12282 MiB, 10494 MiB, 26.95 W, 45, 2490 MHz, 2490 MHz, 10251 MHz
2025/10/05 04:11:57.170, 0, NVIDIA GeForce RTX 4070, 550.54.15, 0 %, 12282 MiB, 10494 MiB, 26.95 W, 45, 2490 MHz, 2490 MHz, 10251 MHz
2025/10/05 04:11:57.222, 0, NVIDIA GeForce RTX 4070, 550.54.15, 0 %, 12282 MiB, 10494 MiB, 26.85 W, 45, 2490 MHz, 2490 MHz, 10251 MHz
2025/10/05 04:11:57.273, 0, NVIDIA GeForce RTX 4070, 550.54.15, 0 %, 12282 MiB, 10494 MiB, 26.85 W, 45, 2490 MHz, 2490 MHz, 10251 MHz
2025/10/05 04:11:57.325, 0, NVIDIA GeForce RTX 4070, 550.54.15, 0 %, 12282 MiB, 10494 MiB, 26.85 W, 45, 2490 MHz, 2490 MHz, 10251 MHz
2025/10/05 04:11:57.377, 0, NVIDIA GeForce RTX 4070, 550.54.15, 0 %, 12282 MiB, 10494 MiB, 26.85 W, 45, 2490 MHz, 2490 MHz, 10251 MHz
2025/10/05 04:11:57.428, 0, NVIDIA GeForce RTX 4070, 550.54.15, 0 %, 12282 MiB, 10494 MiB, 26.85 W, 45, 2490 MHz, 2490 MHz, 10251 MHz
2025/10/05 04:11:57.480, 0, NVIDIA GeForce RTX 4070, 550.54.15, 0 %, 12282 MiB, 10494 MiB, 26.85 W, 45, 2490 MHz, 2490 MHz, 10251 MHz
2025/10/05 04:11:57.532, 0, NVIDIA GeForce RTX 4070, 550.54.15, 0 %, 12282 MiB, 10494 MiB, 26.85 W, 45, 2490 MHz, 2490 MHz, 10251 MHz
2025/10/05 04:11:57.583, 0, NVIDIA GeForce RTX 4070, 550.54.15, 0 %, 12282 MiB, 10494 MiB, 26.85 W, 45, 2490 MHz, 2490 MHz, 10251 MHz
2025/10/05 04:11:57.635, 0, NVIDIA GeForce RTX 4070, 550.54.15, 0 %, 12282 MiB, 10494 MiB, 26.85 W, 45, 2490 MHz, 2490 MHz, 10251 MHz
2025/10/05 04:11:57.686, 0, NVIDIA GeForce RTX 4070, 550.54.15, 0 %, 12282 MiB, 10494 MiB, 26.85 W, 45, 2490 MHz, 2490 MHz, 10251 MHz
2025/10/05 04:11:57.738, 0, NVIDIA GeForce RTX 4070, 550.54.15, 0 %, 12282 MiB, 10494 MiB, 26.85 W, 45, 2490 MHz, 2490 MHz, 10251 MHz
2025/10/05 04:11:57.789, 0, NVIDIA GeForce RTX 4070, 550.54.15, 0 %, 12282 MiB, 10494 MiB, 26.85 W, 45, 2490 MHz, 2490 MHz, 10251 MHz
2025/10/05 04:11:57.841, 0, NVIDIA GeForce RTX 4070, 550.54.15, 0 %, 12282 MiB, 10494 MiB, 26.85 W, 45, 2490 MHz, 2490 MHz, 10251 MHz
2025/10/05 04:11:57.893, 0, NVIDIA GeForce RTX 4070, 550.54.15, 0 %, 12282 MiB, 10494 MiB, 26.85 W, 45, 2490 MHz, 2490 MHz, 10251 MHz
2025/10/05 04:11:57.944, 0, NVIDIA GeForce RTX 4070, 550.54.15, 0 %, 12282 MiB, 10494 MiB, 26.85 W, 45, 2490 MHz, 2490 MHz, 10251 MHz
2025/10/05 04:11:57.996, 0, NVIDIA GeForce RTX 4070, 550.54.15, 0 %, 12282 MiB, 10494 MiB, 26.85 W, 45, 2490 MHz, 2490 MHz, 10251 MHz
2025/10/05 04:11:58.047, 0, NVIDIA GeForce RTX 4070, 550.54.15, 0 %, 12282 MiB, 10494 MiB, 26.85 W, 45, 2490 MHz, 2490 MHz, 10251 MHz
2025/10/05 04:11:58.099, 0, NVIDIA GeForce RTX 4070, 550.54.15, 0 %, 12282 MiB, 10494 MiB, 26.85 W, 45, 2490 MHz, 2490 MHz, 10251 MHz
2025/10/05 04:11:58.151, 0, NVIDIA GeForce RTX 4070, 550.54.15, 0 %, 12282 MiB, 10494 MiB, 26.85 W, 45, 2490 MHz, 2490 MHz, 10251 MHz
2025/10/05 04:11:58.202, 0, NVIDIA GeForce RTX 4070, 550.54.15, 0 %, 12282 MiB, 10494 MiB, 26.77 W, 45, 2490 MHz, 2490 MHz, 10251 MHz
2025/10/05 04:11:58.254, 0, NVIDIA GeForce RTX 4070, 550.54.15, 0 %, 12282 MiB, 10494 MiB, 26.77 W, 45, 2490 MHz, 2490 MHz, 10251 MHz
2025/10/05 04:11:58.306, 0, NVIDIA GeForce RTX 4070, 550.54.15, 0 %, 12282 MiB, 10494 MiB, 26.77 W, 45, 2490 MHz, 2490 MHz, 10251 MHz
2025/10/05 04:11:58.357, 0, NVIDIA GeForce RTX 4070, 550.54.15, 0 %, 12282 MiB, 10494 MiB, 26.77 W, 45, 2490 MHz, 2490 MHz, 10251 MHz
2025/10/05 04:11:58.409, 0, NVIDIA GeForce RTX 4070, 550.54.15, 0 %, 12282 MiB, 10494 MiB, 26.77 W, 45, 2490 MHz, 2490 MHz, 10251 MHz
2025/10/05 04:11:58.460, 0, NVIDIA GeForce RTX 4070, 550.54.15, 0 %, 12282 MiB, 10494 MiB, 26.77 W, 45, 2490 MHz, 2490 MHz, 10251 MHz
2025/10/05 04:11:58.512, 0, NVIDIA GeForce RTX 4070, 550.54.15, 0 %, 12282 MiB, 10494 MiB, 26.77 W, 45, 2490 MHz, 2490 MHz, 10251 MHz
2025/10/05 04:11:58.563, 0, NVIDIA GeForce RTX 4070, 550.54.15, 0 %, 12282 MiB, 10494 MiB, 26.77 W, 45, 2490 MHz, 2490 MHz, 10251 MHz
2025/10/05 04:11:58.615, 0, NVIDIA GeForce RTX 4070, 550.54.15, 0 %, 12282 MiB, 10494 MiB, 26.77 W, 45, 2490 MHz, 2490 MHz, 10251 MHz
2025/10/05 04:11:58.667, 0, NVIDIA GeForce RTX 4070, 550.54.15, 0 %, 12282 MiB, 10494 MiB, 26.77 W, 45, 2490 MHz, 2490 MHz, 10251 MHz
2025/10/05 04:11:58.718, 0, NVIDIA GeForce RTX 4070, 550.54.15, 0 %, 12282 MiB, 10494 MiB, 26.77 W, 45, 2490 MHz, 2490 MHz, 10251 MHz
2025/10/05 04:11:58.770, 0, NVIDIA GeForce RTX 4070, 550.54.15, 0 %, 12282 MiB, 10494 MiB, 26.77 W, 45, 2490 MHz, 2490 MHz, 10251 MHz
2025/10/05 04:11:58.821, 0, NVIDIA GeForce RTX 4070, 550.54.15, 0 %, 12282 MiB, 10494 MiB, 26.77 W, 45, 2490 MHz, 2490 MHz, 10251 MHz
2025/10/05 04:11:58.873, 0, NVIDIA GeForce RTX 4070, 550.54.15, 0 %, 12282 MiB, 10494 MiB, 26.77 W, 45, 2490 MHz, 2490 MHz, 10251 MHz
2025/10/05 04:11:58.925, 0, NVIDIA GeForce RTX 4070, 550.54.15, 0 %, 12282 MiB, 10494 MiB, 26.77 W, 45, 2490 MHz, 2490 MHz, 10251 MHz
2025/10/05 04:11:58.976, 0, NVIDIA GeForce RTX 4070, 550.54.15, 0 %, 12282 MiB, 10494 MiB, 26.77 W, 45, 2490 MHz, 2490 MHz, 10251 MHz
2025/10/05 04:11:59.028, 0, NVIDIA GeForce RTX 4070, 550.54.15, 0 %, 12282 MiB, 10494 MiB, 26.77 W, 45, 2490 MHz, 2490 MHz, 10251 MHz
2025/10/05 04:11:59.079, 0, NVIDIA GeForce RTX 4070, 550.54.15, 0 %, 12282 MiB, 10494 MiB, 26.77 W, 45, 2490 MHz, 2490 MHz, 10251 MHz
2025/10/05 04:11:59.131, 0, NVIDIA GeForce RTX 4070, 550.54.15, 0 %, 12282 MiB, 10494 MiB, 26.77 W, 45, 2490 MHz, 2490 MHz, 10251 MHz
2025/10/05 04:11:59.183, 0, NVIDIA GeForce RTX 4070, 550.54.15, 0 %, 12282 MiB, 10494 MiB, 26.64 W, 45, 2490 MHz, 2490 MHz, 10251 MHz
2025/10/05 04:11:59.234, 0, NVIDIA GeForce RTX 4070, 550.54.15, 0 %, 12282 MiB, 10494 MiB, 26.64 W, 45, 2490 MHz, 2490 MHz, 10251 MHz
2025/10/05 04:11:59.286, 0, NVIDIA GeForce RTX 4070, 550.54.15, 0 %, 12282 MiB, 10494 MiB, 26.64 W, 45, 2490 MHz, 2490 MHz, 10251 MHz
2025/10/05 04:11:59.338, 0, NVIDIA GeForce RTX 4070, 550.54.15, 0 %, 12282 MiB, 10494 MiB, 26.64 W, 45, 2490 MHz, 2490 MHz, 10251 MHz
2025/10/05 04:11:59.389, 0, NVIDIA GeForce RTX 4070, 550.54.15, 0 %, 12282 MiB, 10494 MiB, 26.64 W, 45, 2490 MHz, 2490 MHz, 10251 MHz
2025/10/05 04:11:59.441, 0, NVIDIA GeForce RTX 4070, 550.54.15, 0 %, 12282 MiB, 10494 MiB, 26.64 W, 45, 2490 MHz, 2490 MHz, 10251 MHz
2025/10/05 04:11:59.492, 0, NVIDIA GeForce RTX 4070, 550.54.15, 0 %, 12282 MiB, 10494 MiB, 26.64 W, 45, 2490 MHz, 2490 MHz, 10251 MHz
2025/10/05 04:11:59.544, 0, NVIDIA GeForce RTX 4070, 550.54.15, 0 %, 12282 MiB, 10494 MiB, 26.64 W, 45, 2490 MHz, 2490 MHz, 10251 MHz
2025/10/05 04:11:59.595, 0, NVIDIA GeForce RTX 4070, 550.54.15, 0 %, 12282 MiB, 10494 MiB, 26.64 W, 45, 2490 MHz, 2490 MHz, 10251 MHz
2025/10/05 04:11:59.647, 0, NVIDIA GeForce RTX 4070, 550.54.15, 0 %, 12282 MiB, 10494 MiB, 26.64 W, 45, 2490 MHz, 2490 MHz, 10251 MHz
2025/10/05 04:11:59.698, 0, NVIDIA GeForce RTX 4070, 550.54.15, 0 %, 12282 MiB, 10494 MiB, 26.64 W, 45, 2490 MHz, 2490 MHz, 10251 MHz
2025/10/05 04:11:59.750, 0, NVIDIA GeForce RTX 4070, 550.54.15, 0 %, 12282 MiB, 10494 MiB, 26.64 W, 45, 2490 MHz, 2490 MHz, 10251 MHz
2025/10/05 04:11:59.802, 0, NVIDIA GeForce RTX 4070, 550.54.15, 0 %, 12282 MiB, 10494 MiB, 26.64 W, 45, 2490 MHz, 2490 MHz, 10251 MHz
2025/10/05 04:11:59.853, 0, NVIDIA GeForce RTX 4070, 550.54.15, 0 %, 12282 MiB, 10494 MiB, 26.64 W, 45, 2490 MHz, 2490 MHz, 10251 MHz
2025/10/05 04:11:59.905, 0, NVIDIA GeForce RTX 4070, 550.54.15, 0 %, 12282 MiB, 10494 MiB, 26.64 W, 45, 2490 MHz, 2490 MHz, 10251 MHz
2025/10/05 04:11:59.956, 0, NVIDIA GeForce RTX 4070, 550.54.15, 0 %, 12282 MiB, 10494 MiB, 26.64 W, 45, 2490 MHz, 2490 MHz, 10251 MHz
2025/10/05 04:12:00.008, 0, NVIDIA GeForce RTX 4070, 550.54.15, 0 %, 12282 MiB, 10494 MiB, 26.64 W, 45, 2490 MHz, 2490 MHz, 10251 MHz
2025/10/05 04:12:00.060, 0, NVIDIA GeForce RTX 4070, 550.54.15, 0 %, 12282 MiB, 10494 MiB, 26.64 W, 45, 2490 MHz, 2490 MHz, 10251 MHz
2025/10/05 04:12:00.111, 0, NVIDIA GeForce RTX 4070, 550.54.15, 0 %, 12282 MiB, 10494 MiB, 26.64 W, 45, 2490 MHz, 2490 MHz, 10251 MHz
2025/10/05 04:12:00.163, 0, NVIDIA GeForce RTX 4070, 550.54.15, 0 %, 12282 MiB, 10494 MiB, 26.64 W, 45, 2490 MHz, 2490 MHz, 10251 MHz
2025/10/05 04:12:00.214, 0, NVIDIA GeForce RTX 4070, 550.54.15, 0 %, 12282 MiB, 10494 MiB, 26.65 W, 45, 2490 MHz, 2490 MHz, 10251 MHz
2025/10/05 04:12:00.266, 0, NVIDIA GeForce RTX 4070, 550.54.15, 0 %, 12282 MiB, 10494 MiB, 26.65 W, 45, 2490 MHz, 2490 MHz, 10251 MHz
2025/10/05 04:12:00.318, 0, NVIDIA GeForce RTX 4070, 550.54.15, 0 %, 12282 MiB, 10494 MiB, 26.65 W, 45, 2490 MHz, 2490 MHz, 10251 MHz
2025/10/05 04:12:00.369, 0, NVIDIA GeForce RTX 4070, 550.54.15, 0 %, 12282 MiB, 10494 MiB, 26.65 W, 45, 2490 MHz, 2490 MHz, 10251 MHz
2025/10/05 04:12:00.421, 0, NVIDIA GeForce RTX 4070, 550.54.15, 0 %, 12282 MiB, 10494 MiB, 26.65 W, 45, 2490 MHz, 2490 MHz, 10251 MHz
2025/10/05 04:12:00.473, 0, NVIDIA GeForce RTX 4070, 550.54.15, 0 %, 12282 MiB, 10494 MiB, 26.65 W, 45, 2490 MHz, 2490 MHz, 10251 MHz
2025/10/05 04:12:00.524, 0, NVIDIA GeForce RTX 4070, 550.54.15, 0 %, 12282 MiB, 10494 MiB, 26.65 W, 45, 2490 MHz, 2490 MHz, 10251 MHz
2025/10/05 04:12:00.576, 0, NVIDIA GeForce RTX 4070, 550.54.15, 0 %, 12282 MiB, 10494 MiB, 26.65 W, 45, 2490 MHz, 2490 MHz, 10251 MHz
2025/10/05 04:12:00.627, 0, NVIDIA GeForce RTX 4070, 550.54.15, 0 %, 12282 MiB, 10494 MiB, 26.65 W, 45, 2490 MHz, 2490 MHz, 10251 MHz
2025/10/05 04:12:00.679, 0, NVIDIA GeForce RTX 4070, 550.54.15, 0 %, 12282 MiB, 10494 MiB, 26.65 W, 45, 2490 MHz, 2490 MHz, 10251 MHz
2025/10/05 04:12:00.731, 0, NVIDIA GeForce RTX 4070, 550.54.15, 0 %, 12282 MiB, 10494 MiB, 26.65 W, 45, 2490 MHz, 2490 MHz, 10251 MHz
2025/10/05 04:12:00.782, 0, NVIDIA GeForce RTX 4070, 550.54.15, 0 %, 12282 MiB, 10494 MiB, 26.65 W, 45, 2490 MHz, 2490 MHz, 10251 MHz
2025/10/05 04:12:00.834, 0, NVIDIA GeForce RTX 4070, 550.54.15, 0 %, 12282 MiB, 10494 MiB, 26.65 W, 45, 2490 MHz, 2490 MHz, 10251 MHz
2025/10/05 04:12:00.885, 0, NVIDIA GeForce RTX 4070, 550.54.15, 0 %, 12282 MiB, 10494 MiB, 26.65 W, 45, 2490 MHz, 2490 MHz, 10251 MHz
2025/10/05 04:12:00.937, 0, NVIDIA GeForce RTX 4070, 550.54.15, 0 %, 12282 MiB, 10494 MiB, 26.65 W, 45, 2490 MHz, 2490 MHz, 10251 MHz
2025/10/05 04:12:00.988, 0, NVIDIA GeForce RTX 4070, 550.54.15, 0 %, 12282 MiB, 10494 MiB, 26.65 W, 45, 2490 MHz, 2490 MHz, 10251 MHz
2025/10/05 04:12:01.040, 0, NVIDIA GeForce RTX 4070, 550.54.15, 0 %, 12282 MiB, 10494 MiB, 26.65 W, 45, 2490 MHz, 2490 MHz, 10251 MHz
2025/10/05 04:12:01.092, 0, NVIDIA GeForce RTX 4070, 550.54.15, 0 %, 12282 MiB, 10494 MiB, 26.65 W, 45, 2490 MHz, 2490 MHz, 10251 MHz
2025/10/05 04:12:01.143, 0, NVIDIA GeForce RTX 4070, 550.54.15, 0 %, 12282 MiB, 10494 MiB, 26.65 W, 45, 2490 MHz, 2490 MHz, 10251 MHz
2025/10/05 04:12:01.195, 0, NVIDIA GeForce RTX 4070, 550.54.15, 0 %, 12282 MiB, 10494 MiB, 26.67 W, 45, 2490 MHz, 2490 MHz, 10251 MHz
2025/10/05 04:12:01.246, 0, NVIDIA GeForce RTX 4070, 550.54.15, 0 %, 12282 MiB, 10494 MiB, 26.67 W, 45, 2490 MHz, 2490 MHz, 10251 MHz
2025/10/05 04:12:01.298, 0, NVIDIA GeForce RTX 4070, 550.54.15, 0 %, 12282 MiB, 10494 MiB, 26.67 W, 45, 2490 MHz, 2490 MHz, 10251 MHz
